job_title,average_salary
(HYBRID) Payment/Bank Settlement Tech Business Analyst,83494.0
01008 Assistant Store Manager URGENTLY HIRING,83494.0
1053-IS Business Analyst-Senior,83494.0
10624 - Sr. Business Process Analyst,110854.0
"2024 AFROTECH Conference Attendees - Analyst, Data Analytics (Hybrid)",83494.0
2024 AFROTECH Conference Attendees Only - Product Analyst (Hybrid),118750.0
2024-25 Financial Analyst (K-12 Charter Schools),130000.0
2024-3548,83494.0
"2025 Co-Op, Business Analyst Support",83494.0
2025 Intern - Business Development Analyst,83494.0
2025 Intern - Customer Value Business Analyst,27.5
2025 Launch Program: Business Analyst for Lonely Planet,100000.0
24-5008: Jr. Business Development & Capture Analyst,84332.25
5399 - Business Intelligence Analyst I,69128.0
6027 - Staff Business Systems Analyst,99897.0
93. Senior Logistics Management Specialist,83494.0
ABC - Sr Business Systems Analyst (Previous experience must have Jira/Confluence) - Small Apps - ...,83494.0
AF Fighter Jet Operations Research Analyst SME,210000.0
AI Business Operations Analyst,110000.0
AI/ML Business Analyst 3,83494.0
AMR Business Process Re-Engineering- BOM Analyst,83494.0
AOC IT Business Analyst Senior,56.0
"AOC IT Business Analyst Senior #00041710-21800 & #00030739-21800, Full-Time, Perm, in Any Judiciary",41.5
AP Analyst,83494.0
APPLICATION DEVELOPER,104978.5
APPLICATIONS ANALYST II - EPIC - IT HOAG CLINIC,57.0
AQP Analyst - Business Support Analyst,78278.5
ATM configuration & Troubleshooting Analyst - Quality Analyst,83494.0
"AVP, Fraud Fusion Business Analytics Sr Analyst",120500.0
"AVP, Senior Business Analyst",93848.5
AWS Business Analyst / Data Analyst,53.5
Academy Gold Rising - Shout! Studios - Film and Business Analytics Intern (Summer 2025),83494.0
Access Business Analyst,19.0
Access Business Analyst (Per Diem),19.0
Account Executive,87500.0
Accountant,90000.0
Accountant - Financial Business Analyst,46616.166666666664
Accounting Analyst,36015.5
"Accounting Analyst, Order to Cash",70000.0
Accounting Associate,67500.0
Accounting Intern,16.0
Accounts Payable & Payroll Clerk - 15 Month Fixed Term,31.0
Accounts Payable Analyst II,83494.0
Accounts Receivable Analyst,83494.0
Acoustic Analyst Level 2 / 3 - R10177517,109000.0
Acquisition Financial Analyst,117500.0
Administrative Analyst,90299.0
Administrative Procedure Specialist,27.0
"Advisory Engineer, Services",107720.5
Agenda Services Executive Analyst I/II,52997.25
Agile Business Analyst (Hybrid),57.5
Agile Professional II,112035.0
Air Force Financial Management Business Analyst,87000.0
Alcohol-Overdose SPF-PFS Grant Coordinator (Research Analyst 4),7289.0
"Alternative Investments Business Transformation Business Analyst, Vice President",147500.0
"Americas Complex Investigations, Analyst",80000.0
Analyst,83494.0
Analyst (Web Analytics & Reporting) III,100.0
Analyst - Benefits,68000.0
Analyst - Business Data (Call Center),77058.0
Analyst - Investor Reporting,83494.0
Analyst - Technology Operations BI & Reporting,82500.0
Analyst I - VOA,23.0
Analyst I/II,129135.5
"Analyst II, Campaign Management",83494.0
Analyst IV-Business Performance,90240.0
Analyst Workforce Planning,83494.0
Analyst intern,83494.0
"Analyst, Application Support, II, LS",83494.0
"Analyst, Business Intelligence",93750.0
"Analyst, Business Operations Transformation",83494.0
"Analyst, Business Systems - Compensation - Business Systems",92450.0
"Analyst, Business Systems/ERP",71775.0
"Analyst, CRM",79869.33333333333
"Analyst, Campus Talent Acquisition Operations",78890.5
"Analyst, Capital Markets- Execution",95000.0
"Analyst, Crisis Response",37.5
"Analyst, Financial Reporting & Operations – Specialty Leasing",83494.0
"Analyst, HR Operations Shared Services",73950.0
"Analyst, Inside Sales - Pharmaceutical Customer Sales Representative",20.0
"Analyst, New Supply",83494.0
"Analyst, Operations (On-Site Required Opportunity)",68761.0
"Analyst, Production Support",83494.0
"Analyst, Promotions Analytics",83494.0
"Analyst, Sales Operations",83494.0
"Analyst, Talent Acquisition",83494.0
"Analyst, Technical Operations",72500.0
Analyst-Business Process/SR,95399.25
"Analyst/Associate, Operations",90000.0
Analyst/Programmer 5 (.NET Full Stack Developer - PCN 110300),83494.0
"Analyst/Programmer, Instructional Design & Academic Technology, Temporary",83494.0
Analytics Engineer,108279.0
Annuity / Insurance Operations Analyst,21.0
Anti-Abuse Analyst,83494.0
Application Analyst,40.5
Application Analyst I - Information Services - Full-time - Days,109002.0
"Application Analyst I, IR Health Systems",83494.0
"Application Systems Analyst (Bell Gardens, CA.)",39.5
Application Systems Analyst - Clearance Required,83494.0
Applications & Technology Support Analyst,81700.0
Applications Operations Analyst,25.0
Appraisal Analyst,33.0
Aquatic Invasive Species Budget Coordinator (Financial Analyst III),28.0
Architecture Governance Analyst - Hybrid,157200.0
Area Manager Manufacturing Operations,136766.5
Assistant Branch Manager,83494.0
Assistant Dir of Capital Accounting,109942.0
Assistant Store Manager,19.0
Associate (Entry level Business and Data Analyst),26.0
"Associate Analyst, Brokerage Operations",63363.5
"Associate Analyst, Operations",26.5
Associate Budget Analyst,7127.5
Associate Business Analyst,69120.5
Associate Business Service Analyst,83494.0
"Associate Counsel, General Operations & Software Licensing",83494.0
Associate Data Analyst Marketing Specialist,83494.0
Associate Data Governance Analyst,83494.0
Associate Lead Product Operations Analyst,85000.0
"Associate Principal Analyst, MS Operations, Procedures and Standards",125200.0
Associate Quality Analyst/Quality Analyst - Magna Utah,79800.0
Associate Revenue Cycle Analyst - Prior Authorizations,69950.0
"Associate, Business Analyst",83428.5
Associate/Environmental Analyst/Senior,83494.0
Azure AI Engineer,72.5
Azure AI Lead,70.0
B2B Marketing Manager - Entry Level,60000.0
"B2B Marketing Salesforce Analyst, WW Sales BPR",174550.0
BA Investment Management,83494.0
BA with INVESTMENT MANAGEMENT,129920.5
BA with INVESTMENT MANAGEMENT - Eviden,83494.0
BA/BS Specialist - MRT - 028,41755.0
BAS/BMS Application Engineer,90000.0
BGS GTO Digital Enablement - Operations Program Analyst,91500.0
BI Analyst,62400.0
"BI Analyst, FP & Analysis",89500.0
BI Application Manager,109702.0
BI Help Desk Analyst,53835.25
BI Market Data Analyst,71093.5
BI Senior Analyst,134558.5
BI-Lingual Automotive Sales and Credit Consultant,70000.0
BSA and Fraud Analyst,83494.0
BSA/AML Senior Compliance Analyst,110000.0
BUSINESS ANALYST - EXPENSE MANAGEMENT & CONTROL DEPT. - FIRSTBANK PUERTO RICO,52503.0
BUSINESS ANALYST - PERSI,41762.5
BUSINESS ANALYST ADVANCED - 63349,87188.75
BUSINESS GROWTH CONSULTANT,83494.0
BUSINESS INTELLIGENCE ANALYST I,78042.0
BUSINESS PROCESS ANALYST 3,91475.0
BUSINESS SPECIALIST,75847.0
BUSINESS SYSTEMS ANALYST - (PERM),97556.0
BUSINESS SYSTEMS ANALYST - County Clerk,27.5
BUSINESS TECHNOLOGY ANALYST - FACILITIES AND FLEET,97018.0
Benefits Analyst,83494.0
Bi-Coastal Reemergence with a Purpose (California and Florida Markets),83494.0
Bilingual Sr. Process Improvement Project Manager,118481.5
Bill Review Analyst,83494.0
Billing Analyst,83494.0
"Biostatistician Data Manager - NIH - Baltimore, MD",83494.0
Black Business Hub Liaison,65000.0
Branch Operations Analyst,83494.0
Budget Analyst - Special Operations,94791.5
Budget Analyst I,71165.0
Budget Analyst II/Senior Budget Analyst,125911.0
"Budget Analyst III, School of Public and Community Health Sciences",26.0
Budget Manager (Operations & Policy Analyst 4),8531.0
Budget and Grants Analyst (Limited-Term),98534.5
Bus Systems Analyst II,110000.0
Busi Support Analyst 2,59142.0
Business & Data Analyst - Financial Svcs (e),82500.0
Business Analysis Consultant,83494.0
Business Analysis Supervisor,122982.5
"Business Analysis, Distribution Trainee - Spring 2025",83494.0
"Business Analysis, Distribution Trainee – Spring 2025",27.0
"Business Analysis, Senior Analyst",82500.0
Business Analyst,66119.76666666666
Business Analyst (Blue Connect),72550.0
Business Analyst (Contractor) – PeopleSoft – HCM – UAT Testing Experience,65.0
Business Analyst (Design Manager),83283.0
Business Analyst (Hospital domain),83494.0
Business Analyst (IT): III (Senior),65.0
Business Analyst (Marketing),84.0
Business Analyst (Medicaid/HIPAA Focused),83494.0
Business Analyst (Metadata Specialist) - Office of the Chief Data Officer,126106.0
Business Analyst (Remote / Cleared),72095.0
Business Analyst (Remote),102292.5
Business Analyst (SAP),87593.5
Business Analyst (Top Secret),107161.0
Business Analyst (Unit),1650.0
Business Analyst (Vacancy),56.0
Business Analyst (W2 candidates),42.5
Business Analyst - Aftermarket Parts,83494.0
"Business Analyst - Brooklyn, OH",82243.5
Business Analyst - Capital Excellence,83494.0
Business Analyst - Carrier Implementation and Data Services,52000.0
Business Analyst - Child Support,83494.0
Business Analyst - Consulting Solutions for Industries,83494.0
Business Analyst - Content Management,83494.0
Business Analyst - Contract Opportunity,112677.0
Business Analyst - Department of Medicine,31.0
Business Analyst - Deposits Team,83494.0
Business Analyst - Drone Operations,110000.0
Business Analyst - Facilities,82029.0
Business Analyst - Finance,88540.5
Business Analyst - IFS - Human Resources,86744.0
Business Analyst - Intelligent Transportation Systems,83494.0
Business Analyst - Libraries,84012.5
Business Analyst - No Remote Work - No Corp-to-Corp (C2C),46.5
Business Analyst - Onsite - No C2C,40.5
Business Analyst - Order to Cash - Returns,108480.66666666667
Business Analyst - PMO,77035.5
Business Analyst - PeopleSoft - Payroll,91454.75
"Business Analyst - Point of Sale Systems - Remote (AZ, CA, SC, NC, MI, AR)",83494.0
Business Analyst - Prime Brokerage,83494.0
Business Analyst - Real Estate Investments,101747.0
Business Analyst - SAP Analytics Cloud,87585.5
Business Analyst - SAP Variant Configuration I,74783.0
"Business Analyst - Sacramento, CA",72250.0
Business Analyst - Safety and Risk Analyst,41766.75
Business Analyst - Staff - Consulting - Location OPEN,83494.0
Business Analyst - Tech Writer,44.0
Business Analyst - Technical,45.0
Business Analyst - Track-A-Tool,83494.0
Business Analyst - Treasury ETG,81666.0
Business Analyst / Quality Assurance Analyst,71500.5
Business Analyst 2,61374.3
"Business Analyst 2 – Safety (Hybrid in Vancouver, WA)",49.0
Business Analyst 3,73827.9
Business Analyst 4,97941.25
"Business Analyst 4 - Richmond, VA- Hybrid",83494.0
Business Analyst Consultant,103621.75
Business Analyst I,65420.5
Business Analyst I (S),83494.0
Business Analyst II,60151.166666666664
Business Analyst II - Accountant (A),77203.25
Business Analyst II Vendor Management,75550.0
Business Analyst II or III- Metrics and Analytics Tracking,79977.75
Business Analyst III,88760.61111111111
"Business Analyst III (Medicaid, Reconciliation)",94350.0
"Business Analyst III (SQL, Excel)",94350.0
Business Analyst III (US),83494.0
Business Analyst III - 1969,111700.0
Business Analyst III - Power Platform Specialist,102500.0
Business Analyst III-Medicaid,83494.0
Business Analyst Intern (Undergraduate - Summer 2025),21.0
Business Analyst Intern - Summer 2025,83494.0
Business Analyst Intern Summer 2025 - IT Services,44450.0
Business Analyst Jr,26.5
Business Analyst Jr - Locals only,70288.25
Business Analyst Junior,93281.0
Business Analyst Lead,110212.0
Business Analyst Manager,90000.0
Business Analyst Project Manager Opening #474583,65.0
Business Analyst Senior-Dialer Administrator,80205.5
Business Analyst Training And Placement,83494.0
Business Analyst USAF,101847.5
Business Analyst and Operations Coordinator,83073.75
Business Analyst and QA Supervisor (Sr. Specialist) DOH8493,110867.5
Business Analyst and Report Writer,74119.75
Business Analyst with (Supply Chain Migration & SAP ) - Remote,111707.5
Business Analyst with Oracle Data Modeler experience,105882.5
Business Analyst with P&C exp,41784.5
Business Analyst with scientific or biotech environment,104314.0
Business Analyst | Associations & Non-Profits,83494.0
"Business Analyst – San Antonio, TX. and Colorado Springs, CO.",67500.0
"Business Analyst, Advertising, Support Products & Services",105000.0
"Business Analyst, Amazon Fuse",94247.0
"Business Analyst, Azure Governance*",190000.0
"Business Analyst, CMC Operations",70.0
"Business Analyst, Capital & Store Planning",80311.0
"Business Analyst, Consultant",83494.0
"Business Analyst, Data Aggregation",84646.0
"Business Analyst, Early Careers Operations and Enablement",83494.0
"Business Analyst, Group Benefits Underwriting",60215.0
"Business Analyst, Growth Accelerator",105000.0
"Business Analyst, Human Resources/Payroll.Sr",121000.0
"Business Analyst, MGT Administration Operations",74247.0
"Business Analyst, Master Data Office",82850.0
"Business Analyst, Software Services Team",77556.33333333333
"Business Analyst, Sr",102593.25
"Business Analyst, Sr.",83494.0
"Business Analyst, Supply Chain Operations",97500.0
"Business Analyst, WW Fulfillment by Amazon - Product & Tech Finance",105000.0
Business Analyst- Skilled Nursing Facility - must have prior finance experience,71747.0
Business Analyst-Tx,83494.0
Business Analyst/ Project Manager - Software,92500.0
Business Analyst/Product Owner with State or Federal or public sector experience,83494.0
Business Analyst/Project Lead/Technical Writer (Onsite),83494.0
Business Analyst/QA Specialist,73569.5
Business Analyst/Scrum Master,127392.5
Business Analyst/Tester - Salesforce US CITIZENS ONLY!,83494.0
Business Analyst: Finance/HR/Payroll Systems,31.0
Business Analysts,48.5
Business Analytics,83494.0
"Business Analytics Ld Analyst at Citi New York, NY",167501.0
Business Analytics Manager,123852.16666666667
Business Analytics Senior Advisor - Evernorth Accountable Care - Hybrid,145450.0
Business Application Analyst,74460.0
"Business Applications Analyst (Butte, Montana preferred; Other major office locations in Montana ...",100900.0
"Business Applications Analyst (Butte, Montana preferred; Other major office locations in Montana or South Dakota may be considered)",100900.0
Business Applications Analyst - Mid Level,99844.66666666667
Business Applications Analyst III,112035.0
"Business Applications Analyst, Electronic Health Record",68800.5
Business Applications SAP Analyst (Hybrid),100000.0
Business Architect,165000.0
Business Architects,83494.0
Business Automation Analyst II,24.5
Business Banking Credit Analyst,76275.75
Business Certification Analyst (Temporary),47.5
Business Configuration Analyst I,77683.75
Business Consultant - Provider Network Analytics and Strategy,106710.0
Business Data Analyst,91091.9
Business Data Analyst $145K+ YEARLY 20195,145000.0
Business Data Analyst II,70392.0
Business Data and Reporting Analyst Level 1 - Human Resources,41459.0
Business Development Analyst,79855.78571428571
"Business Development Analyst, BD&I",67812.75
Business Development Analyst- Germany,74548.5
Business Development Manager - Train AI,87500.0
Business Development Representative,110000.0
Business Development Research Analyst,100000.0
Business Development Systems Analyst,96725.0
Business Development Trainee,54000.0
Business Execution Consultant Wholesale Operations Data & Analytics,119144.5
Business Flood Analyst I,27.0
Business Information Analyst (On-site),91006.0
Business Information Analyst II,76743.75
Business Information Analyst Sr.,104384.0
Business Insights Analyst,81999.25
Business Insights Analyst – Client Services,85302.0
Business Insights Data and Solutions Analyst III,132837.5
Business Intelligence,54.5
Business Intelligence & Data Analytics Intern,27.0
Business Intelligence (BI) Analyst,99723.25
Business Intelligence Analyst,83840.81578947368
Business Intelligence Analyst (Fraud),107900.0
Business Intelligence Analyst (Hybrid),66050.0
"Business Intelligence Analyst (PSS2), Information Resources & Technology",77942.0
Business Intelligence Analyst (Work Remotely Anywhere in the U.S.),73000.0
Business Intelligence Analyst 1,41766.75
Business Intelligence Analyst 2,78000.0
"Business Intelligence Analyst I, II, III, or Senior - Population Health Finance & Analytics",78728.0
Business Intelligence Analyst Lead,122275.0
Business Intelligence Analyst Senior (work from home United States),83494.0
Business Intelligence Analyst/Engineer (TABLEAU & BIG QUERY IS REQUIRED),97020.25
Business Intelligence Business Analyst,108764.0
Business Intelligence Consultant,115617.5
Business Intelligence Credit Risk Analyst,71000.0
Business Intelligence Data Analyst I,77266.75
Business Intelligence Data Analyst II,82095.5
Business Intelligence Manager,113320.125
"Business Intelligence Manager, CRM",83494.0
Business Intelligence Specialist – Senior,114240.5
"Business Lead Analyst, VP - Enterprise Risk Management (Hybrid)",142300.0
Business Management Analyst,90100.0
Business Management Analyst - R10172976,86000.0
Business Management Analyst Level 2/3 (SkillBridge) - R10175030,77800.0
Business Management Trainee,55000.0
Business Mgmt Specialist (US),108420.0
Business Operation Analyst,73422.5
Business Operations & Analytics Manager,136000.0
Business Operations Analyst,77128.42857142857
Business Operations Analyst (Remote),83494.0
Business Operations Analyst - Hybrid,33.5
Business Operations Analyst Internship - Summer 2025,66743.5
"Business Operations Analyst, Senior",110000.0
Business Operations Data Analyst (Python),127500.0
"Business Ops Analyst, Healthcare, AWS Worldwide Public Sector",83494.0
Business Performance Analyst,87141.625
Business Performance and Strategy Analyst,71823.0
Business Process (Cost) Analyst - TS/SCI,100000.0
Business Process Analyst,82527.6
Business Process Analyst (H218),88502.5
Business Process Analyst - Finance Transformation,56156.666666666664
Business Process Analyst Consultant (Part Time),54.0
Business Process Analyst I,87453.75
Business Process Analyst II,91486.9
Business Process Analyst and ERP Administrator,61194.5
"Business Process Analyst, Principal",184000.0
Business Process Automation Engineer,83494.0
Business Process Manager,83494.0
Business Process Writer/Analyst,87355.0
Business Product Analyst Internship - Summer 2025,66974.0
Business Program Manager – Finance & Cost Analyst,147550.0
Business Project Senior Analyst - Northeast & Central Region,78000.0
Business Requirements Analyst,85000.0
Business Risk Senior Analyst - C12 - TAMPA,109100.0
Business Risk and Control Intmd Assoc Analyst - B11 - FLORENCE,85300.0
Business Sales Analyst,75916.66666666667
Business Services Analyst,54.0
Business Solutions Manager I,100431.0
Business Strategist,207130.5
Business Strategy Analyst,75904.66666666667
Business Strategy Analyst Lead (Remote),168770.0
Business System Analyst,74495.5
Business System Analyst (Enterprise Systems) - Ft Worth,84987.5
Business System Analyst (Open Until Filled),62996.5
Business System Analyst 3,77184.5
Business System Analyst II/III,79300.0
"Business System Analyst II/III - Portland, Oregon #112972",83494.0
Business System Analyst Journeyman,52.5
Business System Analyst – Teamcenter PLM,83494.0
Business Systems Administrator/Analyst,75000.0
"Business Systems Analysis, Sr. Analyst",86500.0
Business Systems Analyst,59179.0
Business Systems Analyst (Bilingual - Korean),83494.0
"Business Systems Analyst (Business Systems Analyst, Staff)",86190.5
Business Systems Analyst (On Site),33.0
Business Systems Analyst - HEDIS,40.0
Business Systems Analyst - Junior #24332,80000.0
Business Systems Analyst - PLM,83494.0
Business Systems Analyst - Servicing Technology,87500.0
"Business Systems Analyst / Process Analyst @ Columbia, SC",109972.0
Business Systems Analyst 1,70000.0
Business Systems Analyst 1 or Trainee - NY HELPS,67427.0
Business Systems Analyst 2 (NY HELPS),95305.0
"Business Systems Analyst 2 - ERP, Digital Technology Solutions",65479.5
Business Systems Analyst Conslt,86561.0
Business Systems Analyst I,83494.0
Business Systems Analyst I (Hybrid),93700.0
Business Systems Analyst II,86550.66666666667
Business Systems Analyst II-IV,79309.0
Business Systems Analyst III - School of Medicine,77733.5
Business Systems Analyst IV,70.0
Business Systems Analyst Senior,113600.25
"Business Systems Analyst Senior - Independent Risk Management Team (WORD, Excel, Visio, Database Management)",74652.5
Business Systems Analyst Senior/Intermediate,71500.0
"Business Systems Analyst, Guidewire Claim Center",77935.5
"Business Systems Analyst, IAM",110000.0
"Business Systems Analyst, Marketing Systems",72.0
Business Systems Analyst- Data & Analytics,83494.0
"Business Systems Analyst- Remote, USA",91500.0
Business Systems Analyst-Product Management,88696.25
Business Systems Integration Analyst Intern- Summer 2025,24.5
Business Systems Manager - Fraud Protection,98803.5
Business Technical Analyst,88078.0
Business and Contracts Analyst Supply Chain,74426.0
Business and Process Reporting Analyst 1,71600.5
Buyer (TEMP),83494.0
Buyer III,83494.0
CBW Technical Program Analyst,83494.0
CFO - Senior Analyst - Asset Liability Management Treasury Analytics and Forecasting,108647.0
CFO - Senior Associate - Asset Liability Management Treasury Analytics and Forecasting,109488.0
CIB Lead Data Scientist - Vice President,185200.0
CLAIMS ANALYST II,133750.0
CRM Application Specialist (Microsoft Dynamics),87500.0
"CUSTOMS SPECIALIST I, NA",83494.0
Campaign Operations Analyst I,65367.75
Capture and Business Development Manager,72500.0
Case Analyst (Medicaid),83494.0
Case Manager - Kitsap,28.5
Category Analyst,83494.0
Cellphone Billing and Operations Analyst,50000.0
Cerner Scheduling Application Analyst,83494.0
"Chairperson, Hospitality and Sport Business Management",83494.0
Channel Solution Engineer,127289.5
Charge Analyst EP PT Days,83494.0
Chief Financial Officer,233293.0
Chief Operating Officer,110249.5
Civil Business Analyst,128595.75
Claims Analyst (remote),62000.0
Claims Analyst II,83494.0
Claims Business Analyst (Workers Comp Claims),105437.5
"Clinical Business Analyst Lv 3, Public Health Corp",83494.0
Clinical Business Systems Analyst I,65640.5
"Clinical Care Analyst - Dallas, TX",83494.0
"Clinical Data Analyst III (Tableau, SQL)",128837.5
Clinical Decision Support Analyst-Clinical Quality Analytics (Day Shift),83494.0
Clinical Operations Analyst - Campus Health and Wellbeing,68202.0
"Clinical Pharmacist, Part Time",83494.0
Clinical Research Financial Analyst,83494.0
"Cloud Cyber Incident Response Analyst, Lead",250000.0
Cloud Operations Security Analyst,112125.0
Collections Analyst,68789.5
"Commercial Analyst - West Division (Ogden, UT)",83494.0
Commercial Business Analyst II,85329.33333333333
"Commercial Finance Business Analyst, NA",99516.5
Commercial Revenue Director,196850.0
Community Health Care.Information Services Analyst,52832.0
Community Health Connector (MAPS3/MPD) - Project,79392.0
Compensation Analyst,87622.0
Compensation and Benefits Analyst,83494.0
Compliance Analyst,139860.0
"Compliance Analyst II, Advertising",83494.0
"Compliance Business Analyst - Position is located in North Canton, OH - Onsite",70486.0
Compliance Testing Analyst II,83494.0
Computer Programmer Analyst II or III (Tyler Community Development and Utilities Software),92613.0
Configuration Management Analyst 2,70000.0
Consultant - Business Intelligence,105117.0
Consultant - Business Intelligence & Investigations,74500.0
Consultant - Privacy Analyst -Privacy Risk Management,125000.0
"Consultant, Business Intelligence & Market Insights",83494.0
Consultative Sales -Small Business Consulting -Extensive Travel,315000.0
Consulting Analyst - 2025,83494.0
Contact Center Planning Analyst,83494.0
Contract Lifecycle Management (CLM) Analyst,79079.0
Controls Business Analyst,83494.0
Corporate Development Analyst,117500.0
Corporate Development Financial Analyst,83494.0
Corporate Development Intern,27.5
Corporate FP&A Analyst (Hybrid),100000.0
Cost Analyst,83494.0
Cost Analyst - Onshore Operations,70983.5
Cost Management Analyst,83494.0
Counterintelligence/Information Operations Intelligence (CI/OI) Analyst - Senior,160900.0
County Program Analyst,58765.5
Credentialing Business Analyst,78677.0
Credit Admin Analyst,23.5
Credit Analyst,82005.75
Credit Analyst II,83494.0
Crime Analyst Senior - Pinal County Sheriff's Office,79741.0
Crisis Management Business Continuity Analyst Senior,120150.0
Customer Experience Business Analyst,72500.0
Customer Services Support Coordinator (Operations and Policy Analyst 1),5228.0
Customer Success Manager - NorAm,96592.5
Customer Support Analyst,70000.0
Customer service/Operations Analyst,61747.0
Cyber Intel Analyst / TAB,104000.0
Cyber Security / Insider Threat Analyst (Days - Sat & Sun required) - TS/SCI with Polygraph,153548.5
Cyber Support Analyst with DoD Secret Clearance,22.5
Cybersecurity Analyst,73346.5
D365 Managed Services Manager,145000.0
"DEXIS Sales & Financial Analyst (Remote-Quakertown, PA)",94850.0
"DOD Business Analyst, Junior",83494.0
Data Analysis Intern,19.0
Data Analyst,83934.5
Data Analyst & IT Systems Support-Hybrid Work Model,86079.0
Data Analyst - BigBox VR,137000.0
Data Analyst - ERP/EAMS (Term-Limited),140000.0
Data Analyst - Rotational Program (Las Vegas),83494.0
Data Analyst Full-time Days,83494.0
Data Analyst I Healthcare Analytics,75550.0
Data Analyst III SQL and Power BI,83494.0
Data Analyst Intern,83494.0
Data Analyst Specialist - Remote,104000.0
Data Analyst | Strategy Management [NSWC005010],83494.0
"Data Analyst, Appeals, Fulltime, Remote, NJ",83494.0
"Data Analyst, Digital",83494.0
"Data Analyst, Governance",83494.0
"Data Analyst, Marketing",83494.0
"Data Analyst, Sales and Customer Success",83494.0
"Data Analyst, Security",83494.0
Data Analyst-Costa Rica,83494.0
"Data Analyst_Hybrid at Sunnyvale, CA_Only on W2_No Third Parties",83494.0
"Data Analytics & Business Intelligence, Associate",96903.5
Data Analytics SME,47.5
Data Architect & Business Analyst Hybrid,121129.5
Data Business Analyst (remote),107500.0
Data Business Analyst III,88482.16666666667
Data Engineer with Supply Chain Exp,117500.0
Data Entry/Analyst,83494.0
Data Governance Analyst,100000.0
Data Integration Senior Business Systems Analyst,9637.5
Data Integration Senior Business Systems Analyst (JO#6316),9637.5
Data Lead / Consultant,83494.0
Data Management Analyst III*,83494.0
Data Management Consultant,62.25
Data Operations Analyst,78507.0
Data Quality & Governance - IT Project/Business Senior Analyst (AVP) - Hybrid,98900.0
Data Quality Analyst,41787.0
Data Reporting and Analytics Consultant III - SQL,83494.0
"Data Reporting and Analytics Consultant III, Business Intelligence",100820.0
Data Solutions Analyst,83494.0
Data Specialist,58078.0
Data Visualization & Business Intelligence Analyst,89626.75
Data Warehouse Analyst - Governance and Security (Remote),83494.0
Data and Integration Engineer,86940.0
Data/Reporting Analyst (DWM Command Center),46169.0
Deco Department Manager,83494.0
Defense - Business & Compliance Analyst,107197.0
Defense Litigation Associate,152500.0
Defense Trade Analyst II,83494.0
Departmental Analyst (Trainee) 9-12 - Field Operations Unit (Grand Rapids),69315.5
Deposit/Loan Operations Analyst II,55899.5
Deposits Business Analyst,82115.5
Design & Usability Analyst Sr.,140795.0
Detection & Investigation Analyst - Retail Bank Operations,48176.5
Development Business Analyst,76773.0
Dialer Business Systems Analyst,99898.0
Digital Analyst (e-commerce/amazon),83494.0
Digital Assurance & Transparency (DAT) Intern - Summer 2025,83494.0
Digital Business Analyst,82500.0
Digital EHS Implementation Expert (Remote),113757.5
Digital Loyalty Analyst,83494.0
Digital Marketing Analyst,83494.0
Digital Marketing Analyst *Remote*,83494.0
Digital Product Specialist (hybrid),71257.0
Digital Revenue Operations Analyst,83494.0
Director Business Analytics,83494.0
Director of Analytics and Business Insights,83494.0
Director of Business Intelligence,114546.5
Director of Gaming Operations,90125.5
Director of Insurance Product Strategy & Ops,206135.5
Director of Membership Sales,78240.0
Director of Revenue Management,140000.0
Director of Sales and Marketing - Caribe Royale Orlando Hotel,108343.5
Director of US Market Access Insights & Analytics,83494.0
"Director, Business Systems Analyst",163000.0
"Director, Commercial Planning, Operations & Analytics",167000.0
"Director, Finance (Remote)",83494.0
"Director, Financial Planning & Analysis",83494.0
"Director, IT ERP",171482.0
"Director, Product Management",204350.0
"Director, Strategy & Optimization (Ophthalmology)",130400.0
"Director, US GTB Strategy & Business Management",230350.0
Disaster Recovery/Business Continuity Analyst Associate,79877.5
"Disaster Recovery/Business Continuity Analyst Associate, GRC",83494.0
Dispatcher - Last Mile Delivery ,83494.0
District Information Technology Security Officer (Information Security Analyst),121257.0
"District Manager, Rheumatology - Seattle, WA",118383.0
Document Production Specialist,26.0
Domain Architect II,59.5
Drupal Developer / Analyst / Tester,62.5
Drupal Technical Consultant (CMS),83494.0
Dynamics 365 Business Analyst,110000.0
Dynamics 365 CE & Power Platform Solution Architect,144000.0
E1 Business Analyst,83494.0
EDI Analyst,83494.0
EDI Analyst - Remote,47.5
EDI Specialist - IBMi (iSeries) - remote,65.0
EDI/API Healthcare Claims Business Analyst,75.0
EHR Data Migration Analyst,81.5
EHR Support and Data Analyst Specialist,83494.0
EHS Manager,83494.0
ENTERPRISE PROJECT MANAGER-SENIOR - 63340,11239.5
ERP Business Analyst,77678.875
ERP Business Intelligence Analyst,70513.0
ERP CGI Advantage Applications Support,83494.0
ERP Functional Specialist,41797.0
ERP PROGRAMMER/ANALYST - ServiceNow,83494.0
EVM System Analyst,55.0
Enablement Data Analyst,74.5
Enablement Data Analyst Role,83494.0
Endpoint Operations Support Analyst,83619.5
"Energy Efficiency Analyst (Outreach) I, II, III, or Sr.",83494.0
Engineering Analyst,83494.0
Engineering Analyst Senior - Transmission Services,98272.0
Enterprise Applications Lead (IT),132500.0
Enterprise Applications Project Manager,82500.0
Enterprise Business Architecture & Transformation Sr Analyst - C12 - TAMPA,109100.0
Enterprise IT Project Manager,83494.0
Enterprise PLM Configuration Senior Analyst - Onsite,90.0
Enterprise Risk Governance Business Analyst,85304.0
Enterprise Service Systems Analyst I/II,45486.0
Entry Level Business Analyst,71164.66666666667
Entry Level Management,20.0
Entry-Level Business Analyst,33.5
Epic Billing (PB/HB) Analyst,39.0
Epic Business Analyst I,68430.5
Epic Clinical Ambulatory Analyst,85200.0
Epic Prelude/Grand Central Application System Analyst III,47.0
Epic Resolute HB Application System Analyst II,38.5
Epic Senior Billing (PB/HB) Analyst,49.0
Epicor ERP Business Analyst,83494.0
Equipment Finance Operations Analyst - Customer Service,42617.5
"Equity Sector Data Analyst, New York",83494.0
Escalation Analyst,83494.0
Estimating and Pricing Analyst,109725.0
"Executive Admin / Business Analyst, Care Plus Technology",82701.5
Executive Assistant,125000.0
"Executive Director, Data Management and Governance",313400.0
Expediter/Buyer,58190.0
Experienced Business Analyst,85981.75
Expert Business Analyst - Utility Sector Consultant,145000.0
"Expert, Business Analyst - Location Flexible",182000.0
FINANCIAL MANAGEMENT ANALYST,77953.5
FIT - Business Analyst - Senior Associate - Bangalore,83494.0
FMS Logistics Analyst,105000.0
FX Business Analyst,85000.0
Facilities Business Analyst - Associate /Intermediate,69030.0
Facility Analyst,83494.0
Field Operations Global Procurement Potato Associate Analyst,80250.0
Film and TV Intern - Content Strategy & Operations,21.0
Finance & Operations Analyst,120000.0
Finance & Risk Analytics Senior Analyst,83494.0
Finance Analyst - Southern California District 1,83494.0
Finance Analyst Business Unit Control,71000.0
"Finance Analyst, Americas",63420.0
Finance Business Analyst,104636.0
Finance Business Partner,83494.0
Finance Business Systems,83494.0
Finance Operations Analyst,69672.83333333333
Finance and Accounting Analyst 2 / Sponsored Project Financial Analyst 2,83494.0
"Finance, Risk & Compliance - Finance Associate V",55.0
Financial Analysis Senior Analyst,31.5
Financial Analyst,59665.583333333336
Financial Analyst (Active Secret Clearance Required),83494.0
Financial Analyst (Hybrid - Flexible Options),83494.0
Financial Analyst (Part-time),83494.0
Financial Analyst 1,83494.0
Financial Analyst 2,41775.0
Financial Analyst Asset/Liability Management - Salt Lake City - Hybrid Schedule,83494.0
Financial Analyst II,86723.5
Financial Analyst III,98559.5
Financial Analyst Senior - Remote,50.0
"Financial Analyst, Hu",77525.0
"Financial Analyst, US Operations",100000.0
Financial Analyst-Fully Remote,83494.0
"Financial Analyst-Real Estate & Site Acquisition | Sacramento, CA - REMOTE| US",83494.0
Financial Business Analyst,81106.0
Financial Business Analyst II,52775.0
Financial Crimes Enhanced Due Diligence Analyst II (Remote in GA or FL),83494.0
Financial Data Analyst,65000.0
Financial Operations Analyst,85497.0
Financial Operations Analyst - HYBRID,70857.5
"Financial Operations Analyst, Behavioral Health",73049.5
Financial Operations Audit Analyst,70000.0
Financial Planning Analyst,83494.0
Financial Planning and Analysis Analyst,83494.0
Financial Systems Analyst,83494.0
Financial/Business Analyst,68640.0
Financing Analyst,83494.0
Fiscal & Business Analyst Sr.,71000.0
Fiscal Analyst 2,53568.0
"Fiscal Analyst I or II, D.O.Q.",75000.0
Fleet Analyst,83494.0
Fleet Support Administrator,25535.75
Forecast Planner Analyst,83494.0
Foreign Military Sales Management Analyst,80627.5
Foreign Trade Operations Analyst,35.0
Fraud Investigative Analyst,83494.0
Fraud Prevention and Detection Analyst Lead,83494.0
Fraud Risk Data Analyst,41770.75
Freight Handler,18.0
Fuel Strategy Manager,83494.0
Functional Business Analyst,64156.5
"Functional Business Analyst, Energy",102431.75
Functional Business Systems Analyst,51.0
Fund Operations Analyst,76719.5
Fund Operations Analyst II,63215.0
GDP Quality Manager,99182.25
GIS Technician / Analyst,83494.0
GLOBAL ENERGY PROCUREMENT ANALYST,62500.0
GOVERNMENT ANALYST II,70000.0
"GRO | Sales Enablement | Business Analyst - Atlanta, GA",83494.0
General Manager,83494.0
Global Analytics Group Manager-Senior Vice President,149600.0
"Global Head, Advanced Analytics for Business Insights",83494.0
"Global IT Business Analyst, NA",130000.0
Global Security Operations Center (GSOC) Intelligence Analyst,85008.5
Global Services Data Business Analyst,78113.5
Global Threat Analyst,83494.0
Go to Market Analyst (New Product Development),83494.0
Go-to-Market Business Systems Analyst,83494.0
Government Electronic- Invoicing Analyst,35.0
Government Programs Senior Operations Analyst,90000.0
Government and Public Sector - Business Analyst,101543.0
Group Reservations Coordinator,83494.0
"Growth Business Operations Sr. Analyst, Raleigh/Durham North Carolina",83494.0
Guardian Well-being Business Analyst/Platform Administrator,86723.5
HR Business Analyst,57056.0
HR Business Analyst - AI/Automation Systems,114425.0
HR Business Partner,130000.0
HR Business System Analyst,69700.0
HR Compliance Analyst,39.5
HRIS Analyst  (People Resources Department),105000.0
HRIS Analyst (Business Transformation Analyst),37.0
HRIS Analyst - Dayforce,83494.0
HRIS Payroll Analyst - UKG Experience Required,83494.0
HRIS Senior Reporting Analyst,127500.0
HRIS Technical Analyst,83494.0
HUMAN RESOURCES ANALYST I,5752.5
HYBRID - Sr. Financial Analyst,83494.0
"Health Policy, Operations, and Communications Analyst",62220.0
Health and Welfare Benefit Analyst,90000.0
Healthcare Business Analyst III - ENT,70095.5
Healthcare Business Analyst-Hybrid,74379.0
Healthcare EHR Systems Analyst,70.0
Healthcare Modeling Analyst,41765.5
Higher Ed IT Analyst,61059.5
"Human Capital Management Analyst, Business Applications",74223.5
"Human Resources Analyst 1 - HRIS ($62,568.00 - $93,853.00) DOE-Annually",78210.5
Human Resources Analyst II,83494.0
Human Resources Analyst- Remote,83494.0
Human Resources Manager,120000.0
Human Resources Project Manager,133869.0
IAM Business Analyst/Access Reviews,65.0
IAM Okta Analyst,132500.0
ICAP Market Operations Analyst,89250.0
INFOR ERP-SR APPLICATION ANALYST-SECURITY OPERATIONS / COMPLIANCE - 3543,117390.0
INFORMATION SECURITY ANALYST,152314.5
INFORMATION TECHNOLOGY SPECIALIST I,8276.5
INTAKE ANALYST,9538.5
INTERDISCPLINARY COMPUTER ENG/OPERATIONS RESEARCH ANALYST/COMP SCI,142502.0
IS Business Analyst,107500.0
IS Business Analyst - Senior - SFPUC (1053) (151096),141232.0
IS Business Analyst III (Department Promotional Only),141959.66666666666
IS Business Systems Analyst III,109320.0
ISR TECHNICAL OPERATIONS ANALYST (TOA),88181.0
IT Administrator - 365,44.5
IT Architect Associate,45539.0
IT Automation Business Analyst - Digital Technology Services,85162.25
IT Business Analyst,81915.91666666667
"IT Business Analyst (Full-time, Remote)",84090.0
IT Business Analyst (WorkForce Software),90082.5
IT Business Analyst - ITS3,43.0
IT Business Analyst - Senior Specialist,105588.0
IT Business Analyst I,35.0
IT Business Analyst IV,9439.5
IT Business Analyst Job,83494.0
IT Business Analyst-Onsite-Treasure Coast,84808.5
IT Business Data Analyst,81104.5
IT Business Lead Analyst/Technical Owner- C13 (Hybrid),143400.0
"IT Business Operations Analyst, Sr.",95563.0
"IT Business Partner, Property Management",99000.0
IT Business Relationship Manager,53.5
IT Business Solutions Analyst,82786.0
IT Business Systems Analyst (Fixed-Term Benefitted),82525.75
IT Business Systems Analyst Undergraduate Intern - Summer 2025,83494.0
"IT Business Systems Analyst for SAP ERP, MES & PLM",151904.0
IT Business Systems Analyst/Project Manager,117500.0
IT Business Unit Sr Analyst - C12 - TAMPA,109100.0
IT Consultant I,116630.0
"IT Coordinator - Insurance Company - Base Salary to 50k/year - Baltimore, MD",83494.0
IT D365 - Business Systems Analyst,120000.0
"IT Data Lead Analyst, VP",143400.0
IT Data Warehousing Analyst,83494.0
IT ERP Business Analyst (NetSuite),95000.0
IT Finance Analyst,83494.0
IT Governance & Disaster Recovery Analyst,83494.0
IT Operations Analyst,113282.0
IT Operations Systems Analyst,43.5
IT PMP Certified Senior Project Manager (VA750943),75.0
IT Project Manager/Business Analyst,83494.0
IT Project Manager/Systems Analyst,83494.0
IT SAS Programmer Analyst - Hybrid (VA751004),63.0
IT Sage Business Analyst,137500.0
IT Services -Executive Assistant / Junior Business Analyst - Diversity,83494.0
IT Specialist II (Part-Time),25.0
IT Support Analyst,83494.0
IT Systems Analyst - Human Resources (HRIS),83494.0
IT Technical Support Analyst 3,6242.5
IT Waterfall/Agile Business Analyst / Scrum Master (VA750941),52.0
ITIL Analyst I / II (ITSM / ITIL) | IT Operations,83494.0
IVA Business Systems Analyst - PA2025Q1JB035,98596.5
Identity Access Management (IAM) Analyst,57000.0
Identity and Access Management Analyst,83494.0
Implementation Analyst,83494.0
In-Person Center-Based Board Certified Behavior Analyst (BCBA),90000.0
Industrial Engineering,88545.0
Industrial Equipment Sales Representative,60000.0
Infor CloudSuite Systems Analyst,125000.0
"Informatics Systems Analyst III, Imaging",83494.0
Information Security Analyst - Information Technology - Salary,83494.0
Information Security Analyst I,83494.0
Information Security Assurance Analyst,89676.0
Information Security Risk Analyst II,91000.0
Information Systems Analyst (Budget/Finance) - Technology Department,29.5
Information Systems Business Analyst,61.5
Information Technology Specialist 3 - 6435,95305.0
Infrastructure Portfolio Manager -VP- IRVING,143400.0
Infrastructure Project Manager,112500.0
Insider Risk Analyst - Remote,66000.0
"Installation Analyst, Mid/Senior",109500.0
Installation Materials Department Manager,83494.0
Insurance Analyst I - Part-Time,50.0
Insurance Analyst II,83494.0
Insurance Business Analyst,83494.0
Insurance Document Specialist,23.5
Insurance Marketing Compliance Analyst,83494.0
Insurance Now Business Analyst,99319.5
Integrations Business Analyst (Contractor),83494.0
Integrations Systems Analyst,85000.0
Interdisciplinary General Engineer/ Operations Research Analyst,115114.5
Interim Manufacturing Controller,60.0
Internship Business Analyst,25.0
Inventory Analyst,83494.0
"Inventory Control Analyst, US",69500.0
Inventory Control Specialist,83494.0
Investment & Partnership Analyst,83494.0
Investment Analyst II (San Francisco) - Commercial Real Estate Finance,83494.0
"Investment Data Analyst, Investment Operations",8736.5
Investment Operations Analyst,90810.0
"Investment Operations Analyst, Funds & Liquidity",78521.5
JD Edwards E1 Business Analyst - Homebuilder Exp,141000.0
JDE Programmer AnalyJDE Business Analyst/Programmer,97613.0
Java Business Analyst – Returns and AP,130500.0
Java Developer,84114.0
"Joint Commercial Operations Surveillance, Reconnaissance, and Tracking Advanced Operations Analyst",107577.5
"Joint Commercial Operations Surveillance, Reconnaissance, and Tracking Operations Event Analyst",94636.5
Jr. Business Analyst,50069.21428571428
Jr. Business Analyst (Hybrid-Locals),41761.0
Jr. Business Systems Analyst @Tennessee- Local Profiles only,26.5
Jr. IT Financial Analyst - DOI,83494.0
Jr. Treasury Analyst,83494.0
Junior Business Analyst,47224.57142857143
"Junior Business Analyst, FT Days",82278.66666666667
Junior Business Data Analyst,82500.0
Junior Data Analyst,83494.0
Junior Enterprise Application Support Specialist,67500.0
Junior IT Business Analyst,73466.25
Junior Land Title Analyst,65300.0
Junior Operations Analyst (Temporary Contract),21.0
Junior Pricing Analyst,105000.0
"Junior Product Owner, MAPS",67500.0
Junior Souring Analyst,83494.0
K-Star Technical Business Analyst,95908.75
"KYC Operations Associate Analyst, Officer",77400.0
Land Development Analyst,83494.0
Landscape - Arborist,23.5
Landscape Architecture Analyst,83494.0
Lead Analyst,29.0
Lead Analyst - CCS Business Support,99518.0
Lead Analyst Energy Efficiency,101762.5
"Lead Analyst, Business (PMO) - Jira/Agile/BACOE - Remoe",97278.0
"Lead Analyst, IT Business Systems",113388.5
"Lead Analyst, Invoice",83494.0
"Lead Analyst, Market & Business Insights",135144.25
Lead Business & Systems Analyst,94429.0
Lead Business Analyst,134096.5
Lead Business Analyst - Banking Domain,109990.0
"Lead Business Analyst - Cell, Gene and Advanced Therapy Patient Services Hub",152000.0
Lead Business Analyst - Human Resources (Hybrid),96033.75
Lead Business Analyst - No C2C,130.0
Lead Business Analyst - Quality (Hybrid),83494.0
Lead Business Analyst - Senior Project Controls Specialist,108248.5
Lead Business Analyst | 10+ Years of US Insurance (Payer) Experience required - Contract to Hire,83494.0
Lead Business Data Analyst,129900.0
Lead Business Data Analyst / Data Modeler,175000.0
Lead Business Operations Analyst,110000.0
Lead Business Operations Analyst (Remote),110050.0
"Lead Business Systems Analyst Cerner Pathnet -Technology & Digital, FT",109541.0
Lead Conversion Rate Optimization Analyst,130.0
"Lead Engineering Specification Analyst - Tacoma, Washington",45.5
Lead IT Application Analyst,126920.0
Lead Knowledge Analyst TA - Operations,154647.5
Lead Product Analytics Manager,193500.0
"Lead, Global People Analytics",83494.0
Lease Payments Analyst (RE&D Finance),134300.0
Leave of Absence and Benefits Analyst,83494.0
Legal Analyst,75000.0
Legal Analyst (Patent),83494.0
Legal and Business Research Analyst,79000.0
Legislative Analyst/Attorney (Government Operations),83494.0
Loan Servicing Business Analyst III,62500.0
Loan Servicing Business Analyst IV,67500.0
Lock Desk Analyst,83494.0
Logistics Analyst,77500.0
"Logistics Operations Analyst - Baytown, TX",74982.0
Logistics Operations Specialist,138000.0
M&A Business Development Analyst,74326.0
MANAGEMENT ANALYST,90250.5
MANAGEMENT AND PROGRAM ANALYST,85838.0
MBSE Cybersecurity Analyst,127500.0
MES Analyst,85000.0
MRT- TCS Operations Research Analyst,77793.0
Mainframe Operations Analyst,26.5
Maintenance & Engineering Superintendent-Midshift,83494.0
Managed Care Payer/Operations Analyst,83494.0
Managed Care Policy Analyst Liaison,77958.0
Management Analyst,92646.75
Management Analyst - Advanced (DPS #24325),65.0
Management Analyst - Finance -24/25 SY,59128.0
Management Analyst - Public Works,72789.0
Management Analyst 4,83494.0
Management Analyst I,6976.5
Management Analyst Sr,107937.0
Management and Program Analyst,87683.0
Manager - Digital Products & Data,102940.25
Manager - Incubation Financial Planning & Analysis,83494.0
Manager Business Management 3,83494.0
Manager Family Brands Packaging,85115.75
Manager Supply Chain Analytics & Enterprise Architecture,83494.0
"Manager Vehicle Commerce, Business Intelligence & Insights Strategist",134140.0
"Manager of Linehaul - Fleet (Hayward, CA)",77500.0
"Manager, Business Intelligence",111200.0
"Manager, Business Support Analytics",83494.0
"Manager, Business Systems Analysis",124500.0
"Manager, CX Ops (Tools)",131506.5
"Manager, Financial Planning & Analysis",83494.0
"Manager, Financial Systems-USA-EX",100000.0
Managing Director - NetSuite,232500.0
Mandarin Speaking - TikTok Livestream Moderator,18.0
"Manpower Analyst, DoD Secret",83494.0
Manufacturing Analyst (PP) (Remote),148000.0
Market Research Analyst,83494.0
"Market Research and Product Management Intern (Fremont, CA)",83494.0
Marketing Analyst,83494.0
Marketing Analyst -1042,75480.0
Marketing Analyst/Assistant,71000.0
Marketing Analytics Analyst,110145.0
Marketing Automation Manager,104315.5
Marketing Data Analyst,83494.0
Marketing Operations Analyst,82755.2
Marketing Operations Analyst | 2025 Summer Intern,61452.0
Master data analyst,83494.0
Material Handling Equipment Technician II,30.0
Materials Analyst III/IV,106339.0
Medical Economics Analyst (Full time Remote- NC based role),67252.0
Medical Policy Clinical Analyst,104400.0
"Medicare Sales Administration Analyst - Remote, TN - Cigna Healthcare",75083.75
Medication and Pharmaceutical Policy Analyst,83494.0
Member Data Analyst,73050.0
Member Relationship Program Manager,100072.0
Merchandising Analytics Manager,148074.0
Merchant Financing Credit Specialist,83494.0
Mgr Cust Resolution & Retention,83494.0
Mid-level Test & Evaluation Business Management Analyst,82797.5
Migration Developer Engineer,55.0
Mobile Health Unit - Health Outcomes of Racism Lead (Operations & Policy Analyst 3) 24 month Limited Duration or Job Rotation,7289.0
Multifamily Operations Financial and Reporting Analyst,75532.5
NBI Analyst,70000.0
NetSuite Administrator,95000.0
NetSuite Business Analyst,100649.5
Network Business Analyst,60.0
Network Operations Center (NOC) Analyst,30.0
New Business Development Analyst,83494.0
"North America Sales Analyst, Officer - State Street Global Advisors",83750.0
OAG - Executive Project Management | Director V | 25-0177,12916.5
OPERATIONS ANALYST II,56098.5
OTS Statewide Operations Analyst 1-3 (Contracts Analyst),83494.0
OTS Statewide Operations Senior Analyst 2 (Budget Analyst),84641.0
Onboarding and Operations Senior Analyst,81641.0
OneStopPGH Operations Performance Analyst,72611.66666666667
Ontrols Security Consultant,73.0
Open Records Analyst 1,39728.0
Operation Systems Specialist,83494.0
Operations & Client Services Analyst,27847.5
Operations - Project Manager,80.0
Operations Analyst,69167.60869565218
Operations Analyst (CA),71000.0
Operations Analyst - Retail Bank Operations,55279.0
Operations Analyst - USD Wire Payment Repair,71536.0
Operations Analyst I - Revenue Cycle,83494.0
Operations Analyst III,78349.5
Operations Analyst PC,83494.0
Operations Analyst – Level 1,80000.0
"Operations Analyst, EOD",117500.0
Operations Analyst-Medical Group,83494.0
Operations Business Analyst,51284.833333333336
Operations Business Control Analyst,73866.5
Operations Coordinator/Analyst,70000.0
Operations Credit Support Analyst,83494.0
Operations Data Analyst II,87862.5
Operations Quality Analyst,58753.5
Operations Research Analyst,50754.25
Operations Research Analyst (Metrics and Assessment),146417.0
Operations Research Analyst - SME,103620.5
"Operations Research Analyst, Senior",109547.5
Operations Research Analyst: Junior Reliability Data Analyst,71231.0
Operations and Client Services Analyst,30.0
Ops Sr Analyst MKTS-AMRS Institutional Client Settlements-Global Market Operations,72607.5
Oracle Cloud ERP FS - Order to Cash PA,177594.0
Oracle Cloud ERP Functional Specialist,95.0
Oracle Cloud ERP Managed Support Consultant,107427.0
Oracle EBS App Analyst,83494.0
Oracle Enterprise Data Management Cloud (EDMCS) Lead,167900.0
Oracle Health Business Analyst,83494.0
Oracle SCP Cloud Lead,138640.5
Order Administration Analyst,100500.0
Oregon Healthcare Data Analyst 1,83494.0
Organizational Development Analyst,111250.0
Outside Sales Rep,22.5
Outside Sales Representative,83494.0
P&A Business Analyst Intern,50011.0
P&C Insurance Business Analyst,52.5
"PHARMACY IT ANALYST (50% FTE, DAY SHIFTS)",83494.0
PT Data Analyst,25.0
Paid Media Analyst,49000.0
Partnerships Manager,200000.0
Payments Systems Analyst - Bank Operations,75750.0
Payroll Analyst,70747.5
Payroll Analyst (Workday Specialist),30.0
Payroll Assistant,83494.0
Payroll Implementation Specialist – Client Facing/Bilingual Spanish - Remote (1988),83494.0
"Payroll Ops Sr. Business Analyst, AVP - Hybrid",88400.0
Pega Business Analyst [Need Locals to MA],83494.0
Pega Business Analyst with Training Abilities,47.5
Pega Lead Business Architect,69.5
People Systems Business Analyst,101781.75
Performance Analyst - Adecco US,83494.0
Permanent Staff Business Analyst,110134.5
Pharma / CMC Business Analyst - BA24-16974,98985.5
Pharmacist Intern Behavioral Health,83494.0
Plant Analyst (Bilingual in Korean),27.5
Point of Sale Business Analyst (VS5811481112),97500.0
Policy & Government Affairs Manager,83494.0
Power BI Consultant,55.0
Premium Marketing Analyst (Crypto.com Arena),83494.0
Pricing Analyst (Remote),83494.0
Pricing Operations Analyst,82872.75
Principal Budget Analyst,103600.0
Principal Business Analyst,107000.0
Principal Business Analyst SAP FICO,108086.5
"Principal Business Analyst, SAP Quality Management (QM)",83494.0
Principal Business Automation Analyst,193140.0
Principal Engineer - Frame Materials (Organics Group),83494.0
Principal Financial Analyst - Patriot Missile IPT *ONSITE*,83494.0
"Principal Financial Analyst, Neuromodulation",83494.0
Principal IT Analyst - Remote,126840.0
Principal IT Business Process Analyst (Deltek/Costpoint),114896.0
Principal Management Analyst,126054.0
Principal Oracle EBS Developer Analyst,158853.0
"Principal Product Manager - Technical , PXT Central Science",220900.0
Principal Tax Analyst,83494.0
Principal analyst - Sales Strategy,161200.0
Private Wealth Analyst,83494.0
Process Analyst - Transformation,83494.0
Process Engineer,83494.0
Process Excellence Manager,88749.0
Process Improvement Analyst - NCC - 991675 **Internal to Department Only**,83494.0
Process Improvement Business Analyst,123875.0
Process Technician - Planar Wet Process,83494.0
Procurement Analyst,123982.0
Procurement Analyst II,83494.0
"Procurement Analyst, Agricultural Commodities",83494.0
Procurement Specialist,22.0
Procurement Systems Analyst,50.0
Product Analyst,83494.0
"Product Analyst, Claims Analytics",83494.0
"Product Analyst, Financial Services",92500.0
Product Business Analyst,97622.5
Product Growth Analyst,83494.0
Product Manager,192500.0
Product Manager II,375000.0
"Product Manager, Derivatives Platforms",165000.0
Product Owner,125000.0
"Product Owner, 3rd Eye, Chattanooga",83494.0
Product and Applications Engineer - Power and Light,77373.5
Production Planning Analyst,104464.5
Products Business Analyst,80000.0
Professional Business Analyst,63050.0
Program Analyst,92558.33333333333
Program Analyst (ADV0009HS) A,116500.0
Program Analyst (AIMS/ERCS Analyst (Audit Info Mgmt Syst/Exam Return Control Syst))12-MONTH ROSTER,64178.0
Program Analyst 3,83494.0
Program Analyst Associate,60000.5
Program Controls Analyst,143000.0
Program Coordinator II,87109.0
"Program Execution & Risk Management (PM Senior), F-35 JPO AV MS PMO (Hybrid Telework)",176157.0
Program/Project Specialist,67165.0
Programmer Analyst 1,48.5
"Programmer analyst, Infrastructure automation",83494.0
Project / Business Analyst,62.5
Project Analyst,86970.5
Project Analyst - OEM Sales,40.5
"Project Analyst, Jr.",83494.0
Project Business Analyst,35.0
Project Business Analyst III,93000.0
Project Coordinator,95497.0
"Project Coordinator / Project Analyst – Electric Utilities    (Substations, Transmission and Distrib",77000.0
Project Delivery Senior Analyst,83494.0
Project Engineer,83494.0
Project Finance Analyst ll,101820.5
Project Manager,104150.0
"Project Manager 2, Public Utility Commission",111120.5
Project Manager II - (Hybrid),86000.0
Project Manager Intern,66283.0
Project Manager/Business Analyst,67.5
Project/Operations Analyst,81251.75
Property Administration Analyst,83494.0
Property Analyst,83494.0
Public Safety Technology Analyst,114108.5
Public Works Business Analyst I,30.5
QA Analyst,83494.0
QA Analyst and Support Specialist,41000.0
QA Automation Engineer with Java Backend,45.0
QA Engineer (Automation & Manual Testing),106616.0
QMS Control Analyst - 21420,73517.0
Quality Analyst,83494.0
Quality Assurance with Capital Market Experience - 5501848,83494.0
Quality Control Analyst II,70050.0
Quality Systems Analyst,83494.0
Quoting Price Analyst Sales Support,65820.0
"REMOTE OR HYBRID Analyst, SAP Master Data",83494.0
RF/Antenna Systems Engineering Lead,83494.0
RN Clinical Operations Specialist,80000.0
RWD Business Analyst,110000.0
"Raisbeck Endowed Dean, Ivy College of Business",83494.0
Raymond James Trust - Operations Business Analyst,77232.66666666667
ReSurge Program: Data Analyst,90000.0
Real Estate Asset Management Financial Analyst,83494.0
Real Estate Brand Ambassador/Promoter for Property Technology Sales,41757.0
Real Estate Operations and Fiscal Analyst,65000.0
Real Time Analyst,83494.0
Rebates Analyst,83494.0
Recordkeeper Business Analyst,72996.0
Reemployment Services and Eligibility Assessment (RESEA) Analyst - Georgetown,83494.0
Regional Operations Analyst Manager,78262.0
Regional System Sr Engineer,111000.0
Regulatory Compliance Analyst,83494.0
Regulatory Data Scientist,91717.5
Regulatory Operations Senior Analyst,100600.0
Reimbursement Operations Analyst - Cardiovascular,94000.0
"Reinsurance Client Manager, BoilerRe",95300.0
Remote Enablement Data Analyst,82.0
Remote HEDIS Business Analyst,38.5
"Remote Operations Data Analyst, Health",50000.0
Reporting Analyst,66930.0
Reporting Analyst - Full time role,83494.0
"Research Analyst, Brand Health Tracking",65250.0
Resolution Analyst,26.0
Resort Operations Financial Analyst,59151.0
Retail Supply Chain Analyst,62500.0
Retail Systems Analyst,83494.0
"Retirement Partners, Operations Analyst",41.0
Retirement Services Business Analyst,90275.0
Revenue Cycle Analyst,83494.0
Revenue Cycle Business Analyst,70579.5
Revenue Operations Analyst,63000.0
Rewards Analyst - Temporary,58.0
Risk Analyst I (Promotional),102215.0
Risk Governance Reporting Analyst,83494.0
Risk Operations Analyst - Risk Onboarding,73800.0
Risk Strategy Execution Analyst,83494.0
Risk management analyst,83494.0
Robotic Process Automation (RPA) Business Analyst Jobs,83494.0
Royalty Expense Analyst,72400.0
SAP Business Analyst,28705.666666666668
SAP Business Process & Master Data Analyst,39.5
SAP FICO Business Analyst,130000.0
SAP FICO Business Analyst (Project Systems Consultant),184700.0
SAP Logistics Business Analyst (Remote),82.5
SAP Manufacturing Business Analyst,71.0
SAP Manufacturing Business Analyst (Remote),97148.5
SAP Operations Senior Analyst (Remote),132500.0
SAP Payroll Business Analyst,86072.16666666667
SAP Procurement Business Analyst,85.5
SAP Security Analyst,83494.0
SAP WM / EWM Lead Business Analyst,168000.0
SCM Analyst,83494.0
SEM Analyst,80000.0
SENIOR BUSINESS ANALYST -BUSINESS REPORTING - FIRSTBANK PR,83924.5
SME-Real Estate Agent/Realtor,83494.0
SOC Analyst I,83494.0
SQL Developer,75000.0
SR IT ENT APP ANALYST,83494.0
"SSC - GP Business Analyst (Los Angeles Air Force Base, CA)",115000.0
SUPERVISORY MANAGEMENT AND PROGRAM ANALYST,133164.0
Safety Data Analyst,157000.0
Sales & Revenue Optimization Analyst (SQL),74585.0
Sales Administration Data Analyst - Greenhouse Gas,96203.5
Sales Analyst,87103.66666666667
Sales Analyst - Area,77997.0
Sales Analyst Assistant,41759.5
Sales Business Analyst,76595.0
Sales Compensation Analyst,94087.5
"Sales Compensation Analyst - REMOTE ONLY IN NC, SC, GA",71195.0
Sales Compensation Analyst II,101500.0
Sales Compensation Systems Analyst (Xactly),135000.0
"Sales Consultant, Off Premise, CPWS - Bellevue, WA",57500.0
Sales Enablement Analyst,69000.0
Sales Enablement Data Analyst,107500.0
Sales FP&A Analyst,107000.0
Sales Finance Analyst,82500.0
Sales Forecast Analyst,68958.25
Sales Forecasting Analyst (Remote),96000.0
Sales Operations Analyst,52503.0
Sales Operations Analyst (SFDC Analyst),75000.0
"Sales Operations Analyst, Apartments.com - Richmond, VA",83494.0
Sales Operations Coordinator,81256.0
"Sales Operations Manager - Small Format, FSOP, E-Commerce",85000.0
Sales Order and Bid Analyst (Order To Cash),50016.5
Sales Performance and Analysis Manager,93400.0
Sales Representative,20.0
Sales Representative (Countertop),83494.0
Sales Strategy Analyst,80000.0
"Sales Support Analyst, Albertsons",83494.0
Sales Technology Analyst,83494.0
Sales and Use Tax Analyst,31.5
Sales/Operations Assistant,83494.0
Salesforce Analyst - up to 140k base,83494.0
Salesforce Business Analyst,57849.666666666664
"Salesforce Business Analyst - Hybrid working Boston, MA, USA",130000.0
Salesforce Business Analyst with SOX,83494.0
Salesforce Business Associate Analyst,44.5
Salesforce Business Systems Analyst,84432.5
Salesforce Functional Marketing Cloud Manager - Cross Industry,83494.0
"Salesforce Lead Developer - Newark, CA (Day 1 Onsite) – Fulltime.",175000.0
Scrum Master/Systems Analyst,83494.0
Securities Services Sales - Asset Owner - Analyst,112500.0
Security Business Analyst,45.0
Security Operations Analyst,151550.0
Security Operations Analyst I,69570.5
Security Operations Center (SOC) Analyst,66500.0
Security Operations Center Analyst,74698.75
Security Operations Center Technical Support STS Analyst I,59534.0
Sen. PLUW & Operations Analyst,91169.0
Senior  IT Business Analyst,83494.0
"Senior / Lead Analyst, Strategic Finance",101006.5
Senior Accountant - Remote,86300.0
Senior Accountant-Not remote,82500.0
Senior Accounting Analyst 2024-02588,6514.0
Senior Agile Software Project Manager,109887.5
Senior Analyst,55.0
Senior Analyst - Denials Management - FT - Days - Managed Care Contracting @ MV,72.5
"Senior Analyst - Governance, Oversight & Project Management",83494.0
Senior Analyst - MQ Outbound Operations,61000.0
Senior Analyst - Strategic Finance,83494.0
Senior Analyst Land Acquisition,83494.0
"Senior Analyst, Advisor Compensation",106800.0
"Senior Analyst, Business Analytics",74494.0
"Senior Analyst, Business Analytics and Vendor Relations - Parametric",83494.0
"Senior Analyst, Business Operations & Strategy",83494.0
"Senior Analyst, Business Systems Development - Workday",95000.0
"Senior Analyst, Finance & Investments (Retail) - ($96,200.00 - $122,400.00)",109300.0
"Senior Analyst, Foodservice",81000.0
"Senior Analyst, Import Operations",67423.0
"Senior Analyst, Insights & Analytics",80250.0
"Senior Analyst, Product Finance & Strategy",160341.5
"Senior Analyst, Product Management",90000.0
"Senior Analyst, Sales Planning & Execution",110000.0
"Senior Analyst, Sales Strategy & Operations - Channel",83494.0
"Senior Analyst, Sales US Equities (Hybrid - NYC)",115500.0
"Senior Analyst, Supply Chain",83494.0
"Senior Analyst, Veteran Services - Nationwide Remote",41.0
Senior Applications Analyst - PWA,83494.0
Senior Associate Business Analyst,83494.0
"Senior Associate, OPS Business Analyst",77184.0
"Senior Associate/Assistant Vice President, Business Analyst",114247.0
Senior Automation Analyst (Mental Health),73522.0
Senior BI Data Analyst,98541.0
Senior Benefits Analyst,83494.0
Senior Budget Financial Applications Analyst,87525.0
Senior Budget and HR Analyst,7775.5
Senior Business Analyst,87277.19642857143
Senior Business Analyst (Billing),83494.0
Senior Business Analyst (Microstrategy),100513.5
Senior Business Analyst - Duckcreek - Remote,93150.0
Senior Business Analyst - FICO Specialist,79254.0
"Senior Business Analyst - Hybrid in Austin, TX",103083.0
Senior Business Analyst - Pediatrics,84122.0
Senior Business Analyst - Remote,87198.5
Senior Business Analyst with Salesforce Experience,111537.0
Senior Business Analyst(Retail Banking Exp.),65.0
"Senior Business Analyst, Charles River Development, Vice President | Burlington, MA, USA",133750.0
"Senior Business Analyst, Digital Solutions - Fidelity Workplace Consulting",109000.0
"Senior Business Analyst, EV Charging User Experienc",90250.0
"Senior Business Analyst, Global Finance Integration",130694.5
"Senior Business Analyst, Global Security Organization (GSO)",104229.33333333333
"Senior Business Analyst, Master Data Office",101100.0
"Senior Business Analyst, Performance & Outcomes",90169.5
"Senior Business Analyst, Product Development",95868.0
"Senior Business Analyst, Spend Analytics",123003.0
Senior Business Data Analyst,134547.0
Senior Business Development Analyst,92247.0
Senior Business Development Executive SMS,175000.0
Senior Business Informatics Analyst,68033.5
Senior Business Intelligence (BI) Analyst- RSA,83494.0
Senior Business Intelligence Analyst,104992.6
Senior Business Performance Analyst,110610.0
Senior Business Process Analyst,112000.0
Senior Business Process Analyst-Flexible Location,122000.0
Senior Business Process Consultant,104000.0
Senior Business Process Specialist (Fully Remote),114200.0
Senior Business Solution Analyst,83494.0
Senior Business Solutions Analyst (Global Legal Services),149736.25
Senior Business Support Analyst,94000.0
Senior Business System Analyst,87329.33333333333
Senior Business Systems Analyst,104127.23076923077
Senior Business Systems Analyst and Atlassian JIRA and BOX.com Administrator,52.5
"Senior Business Systems Analyst, Order Management",112000.0
Senior Business Systems Analyst- E,47747.0
Senior Business Systems Analyst- Salesforce,83494.0
Senior CX Operations Analyst (Remote),100682.0
"Senior Commercial Operations Analyst, Endo",96039.0
Senior Compensation Analyst,120000.0
Senior Consultant - Business Intelligence MCSFT,110562.0
Senior Contracts Analyst,89795.0
Senior Cost Analyst,130000.0
Senior Credit Analyst,83494.0
Senior Data Analyst (Hybrid),83494.0
Senior Data Analyst (Payment Fraud),83494.0
Senior Data Analyst Responsible AI,83494.0
Senior Data Analyst and BI Developer,66500.0
Senior Data Management Consultant,83.0
Senior Data Operations Analyst,51.0
Senior Data Solution Architect,145000.0
Senior Digital Product Manager,116875.0
"Senior Director of Market Access, Payor Strategy, and Contracting",155000.0
Senior Director of Sales and Business Development,218500.0
Senior Director of Specialty Markets,83494.0
Senior ERM IT/IS Analyst,83494.0
Senior Facilities Operations Analyst (2024-8635),72269.0
Senior Fiduciary and Sales Analyst,100000.0
Senior Finance Manager - MCAPS Central Revenue Reporting,147550.0
Senior Financial Analyst,82543.83333333333
Senior Financial Analyst (Clinician Compensation),83494.0
"Senior Financial Analyst, Operations Steering & Controlling",104806.5
Senior Financial Business Analyst,97500.0
Senior Financial Operations Analyst,105000.0
Senior Financial Reporting Analyst,100000.0
Senior Financial Systems Analyst - Finance Process Optimization (FPO),85920.5
Senior Foreign Disclosure Analyst,83494.0
Senior HCM Analyst I,83494.0
"Senior HR Business Analyst, Benefits and/or Payroll, 30-month LTE",131998.0
Senior Hardware Asset Manager,163065.0
Senior IT Analyst,136350.0
"Senior IT Analyst I , R&D",83494.0
Senior IT Business Analyst,79822.75
Senior IT Business Analyst (documentation),90532.5
Senior IT Business and Systems Analyst,134000.0
Senior IT Consultant,158055.0
Senior Industry Analyst,83494.0
Senior Information Security Analyst,83494.0
Senior Information Technology Analyst,121305.5
Senior Information Technology Business Analyst,83494.0
Senior Insurance Collections Operations Analyst,83494.0
Senior Investor Relations Analyst,186000.0
Senior Manager of Analytics,133700.0
"Senior Manager, Finance and Data Analytics",130526.5
Senior Operations Analyst,170391.0
Senior Operations Research Analyst,102350.33333333333
Senior Operations Research Analyst (OSINT) Analyst,111660.5
Senior Payment Integrity Recovery Analyst,114494.5
Senior Pega Business Analyst,102405.0
Senior People Tech & Services Analyst- Talent Systems,83494.0
Senior PeopleSoft Benefits Business Analyst (ERP Financials Business Team Lead),120104.0
Senior Procurement Analyst,81000.0
Senior Product Analyst,130363.0
"Senior Product Analyst, Testing Coordination",97500.0
Senior Product Manager,146750.0
Senior Product Owner,117564.25
Senior Program Analyst - Submarine Industrial Base Strategy,83494.0
"Senior Program Analyst, Program Integrator, F-35 AV VS PMO (Hybrid Telework)",125473.0
Senior Project Manager,58270.25
"Senior Project Manager, Nordstrom Product Group (NPG) - (Hybrid, WA)",117500.0
Senior Provider Compensation Analyst,40.0
Senior Regulatory Financial Analyst,83494.0
Senior Replenishment Analyst,100000.0
Senior Reporting Analyst,62.5
Senior Research Analyst - Business Analytics,83494.0
Senior Revenue Operations Analyst,116603.0
"Senior Sales Analyst, Lume Retail (Walmart)",84550.0
Senior Sales Operations Analyst,88777.25
Senior Salesforce Business Analyst,107078.9
"Senior Scientist, Analytical Sciences",83494.0
Senior Services Operations Analyst,110000.0
Senior Software Engineer,124750.75
"Senior Statistical Programmer Analyst, SAS Programmer, Contractor (Office or Remote)",83494.0
Senior Strategic Financial Analyst,177500.0
"Senior Strategist, Member Offers",125350.0
Senior Strategy Consultant,67.5
"Senior Supply Chain Analyst, Sourcing",94000.0
Senior Supply Chain Network Analyst,72438.5
Senior System Analyst,160000.0
Senior Systems Data Analyst - DHS Suitability Clearance (Telecommuter),135000.0
Senior Tax Analyst,103500.0
"Senior Technical Analyst, Yardi Help Desk",83494.0
Senior Technical Business Analyst - P&C Insurance,96908.5
Senior Technology Business Analyst,103147.0
Senior Workday Analyst - Recruit Module,87256.0
Service Department Manager,70000.0
Service Desk Analyst,83494.0
Service Desk Level 1 Analyst ( 9 am - 6 pm Mon-Friday),19.0
Service Manager,77754.75
ServiceNow Business Analyst,80478.5
ServiceNow Senior Business Systems Analyst,83494.0
SharePoint Business Analyst,53296.166666666664
SharePoint Business Analyst - Remote,92271.0
SharePoint Developer,127218.0
SharePoint Product Specialist (Remote Job),82.5
SharePoint Technical Specialist (Sr.),64.0
SharePoint Technical Specialist - Jr,41782.0
Sharepoint Analyst,92500.0
Shipyard Planning Data Analyst - 160368,83494.0
Smartsheets Configuration Analyst,93366.25
Social and Environmental Resilience Coordinator (Management Analyst III),78815.0
Software Asset Management Implementation Analyst - ServiceNow,83494.0
Software Data Analyst Sr In Huntsville or Colorado Springs,83494.0
Software Developer,95382.0
"Software Developer, Warehouse Management Systems",160800.0
Software Developer/Business Analyst I,69057.75
Software Quality Analyst (Onsite),83494.0
Software Support Analyst (remote),30.5
Solution Owner,113729.5
Solutions Architect,150000.0
Solutions Engineer,60948.0
Sourcing Analyst II,83494.0
Sourcing Specialist,82500.0
Space Planning Business Analyst,73641.0
Space and Assortment Analyst Intern,25.0
Special Operations Targeting Analyst - Opportunity to Receive up to 15K in Bonuses,79750.0
Sr Administrative Analyst - MWD TempLabor - TO173,41.5
Sr Advanced Front End RTL Designer,140550.0
Sr Analyst IT Enterprise Applications,106739.5
"Sr Analyst, Business Process",82252.5
"Sr Analyst, Parcel Operations",83494.0
"Sr Analyst,Business Analytics",74494.0
Sr Business Analyst,100507.5
Sr Business Analyst & HR Programs Manager,100000.0
Sr Business Analyst II,106200.0
Sr Business Analyst Medicaid Risk Submission - Remote,104000.0
"Sr Business Analyst, Pathology - Main Campus",96119.25
Sr Business Intelligence Analyst,99990.0
Sr Business Process Analyst - Outbound Dialer (Remote),104000.0
Sr Business Systems Analyst,83494.0
Sr Business Systems Analyst (US),100500.0
"Sr Business Systems Analyst, Cerner PathNet, Technology & Digital, FT, 8A-4:30P",97326.0
Sr Data Analyst,83494.0
Sr Data Analyst/ Data Modeler,83494.0
Sr Data Governance Analyst,83494.0
Sr Data Science Analyst,83494.0
Sr Director Digital Transformation - Customer Service,206100.0
Sr ERP Business Analyst,120069.0
Sr Enterprise Data Analyst,132500.0
"Sr Fin Reporting Analyst, DLR Revenue (PH)",83494.0
Sr Financial Analyst - Dallas / Hybrid,105000.0
Sr IT Business Analyst,96423.5
Sr Mgr-Sales Analytics & Insights,83494.0
Sr Oracle EBS Analyst,62.5
Sr Plant Supply Chain Analyst,83494.0
Sr Product Manager I - US Based Remote,138785.0
"Sr Sales Analyst, Walmart",114800.0
Sr Technical Business Analyst,92593.5
Sr analyst supply chain,130000.0
Sr. AWS Cloud Engineer,83494.0
Sr. Accountant/Operations Analyst for large global publicly traded Manufacturing Company,83494.0
"Sr. Analyst - Customer Operations and Environment, Health & Safety (EH&S)",112500.0
Sr. Analyst of Data & Decision Science,83494.0
Sr. Analyst – IT HR Time & Attendance,94875.5
"Sr. Analyst, Business Consulting (ERisk Services: Rockaway, NJ)",83494.0
"Sr. Analyst, Operations and Innovation",82500.0
"Sr. Analyst, Performance Marketing",120000.0
Sr. Budget Specialist/ Part-TIme,83494.0
Sr. Business Analysis Manager - Media Data Analytics & Capabilities (Site Metrics),135550.0
Sr. Business Analyst,66811.6
Sr. Business Analyst #2487,83494.0
Sr. Business Analyst (Lending),107500.0
Sr. Business Analyst (Modern Requirements/JIRA),95.0
Sr. Business Analyst - ERP & Finance,83494.0
Sr. Business Analyst / HealthRules Payer,80.0
Sr. Business Analyst Contracts & Change Orders,96995.5
"Sr. Business Analyst, Amazon MBD-Fuse",83494.0
"Sr. Business Analyst, Finance (Starlink)",127500.0
Sr. Business Analyst- Commercial Bank UW&PM,83494.0
Sr. Business Analyst- Data Visualization & Reporting,107750.0
Sr. Business Analyst/Salesforce Developer,93396.5
Sr. Business Analyst/Solution Architect,100000.0
Sr. Business Data Analyst (Transportation Management),83494.0
Sr. Business Intelligence Analyst - Performance Analytics,83494.0
"Sr. Business Manager, Capital One Shopping (Remote-Eligible)",83494.0
"Sr. Business Operations Analyst, Healthcare Eligibility Solutions",95000.0
Sr. Business Process Analyst - Accounting Operations,96016.75
Sr. Business Process Analyst - Remote,104000.0
Sr. Business Systems Analyst,103162.66666666667
Sr. Business Systems Analyst (IIBA Certified) only local candidates,59.5
Sr. Client Services Analyst,83494.0
Sr. Cyber Operations SME/PM/Engineer/Analyst (TS/SCI),83494.0
Sr. Data Analyst,83494.0
Sr. Data Visualization Analyst - Revenue/Sales Operations,92901.5
"Sr. Developer - Dallas, TX",124010.0
Sr. Finance Business Intelligent Analyst - Indirect Sourcing and Procurement,144000.0
Sr. Financial & Strategy Analyst,83494.0
Sr. Financial Analyst,83494.0
"Sr. Financial Analyst - E2E Stores - (Hybrid- Seattle, WA)",100750.0
Sr. Healthcare Business Analyst,27873.0
Sr. IT Business Analyst,100723.5
Sr. Infor XA Programmer/Analyst,90.0
Sr. Logistics Analyst,93000.0
"Sr. Manager, CX Operations (Tools)",135777.5
Sr. Operations Research Systems Analyst,102280.0
"Sr. Optical Analyst, Merchandising Supply Chain",83494.0
Sr. Pricing Analyst,110000.0
Sr. Production Analyst Manager,90000.0
Sr. Real Estate Portfolio Operations Analyst,99000.0
"Sr. Reporting Analyst (PowerBI, ArcGIS StoryMaps)",83494.0
Sr. Revenue Analyst - NPI,83494.0
Sr. SAP Business Analyst - EHS,123750.0
"Sr. Sales Operations Analyst, Urology",99523.5
"Sr. Specialist, Business Systems Analysis",83494.0
Sr. Strategic Sourcing Partner - Procurement - Non HR,99400.0
"Sr. Systems Engineer, IT Services",196300.0
Sr. Technical Analyst - REMOTE,83494.0
Sr. Technical Business Analyst,95497.0
Sr. Technical Data Analyst - Data & Analytics,101950.0
Sr. Technical Implementation Analyst,120000.0
"Sr. Vendor Manager, Apparel",147000.0
Sr. Workday Business Analyst,83494.0
Sr. Workday Reporting Analyst - Hybrid,83494.0
Staff Accountant/Analyst - Project Accounting,83494.0
Staff Business Data Analyst,170334.33333333334
Staff Program Financial Analyst,83494.0
Staff Services Analyst I/II (MSS),83494.0
Staff Supply Chain Analyst - Reporting and Analytics,147000.0
"Staff Technical Product Manager (Remote Eligible, U.S.)",119500.0
State Street Global Advisors-Business Systems Analyst-AVP,130000.0
Store Manager,50000.0
Store Operations Executive Analyst,64481.5
Strategic Account Executive - GEMS,83494.0
Strategic Development Analyst,83494.0
Strategic Finance Manager,83494.0
Strategic Ledger Implementation & Governance Reconciliations Lead-Senior Vice President,204500.0
Strategic Project Manager,114945.0
Strategic Sourcing Analyst,75000.0
Strategy & Transformation Lead,148500.0
Strategy Analyst,83494.0
Structural Steel Estimator: West Coast Region,170000.0
Subject Matter Expert I,83494.0
Substitute Human Resources Analyst,29.0
"Supervisor, IT ERP Analyst III",83494.0
Supplier Quality Assurance Specialist,83494.0
Supplier Risk Analyst - Remote,83494.0
Supply Chain & Operations Data Analyst,71251.5
Supply Chain Analyst,83494.0
"Supply Chain Analyst La Verne, California",38.0
Supply Chain Business Analyst,71000.0
Supply Chain Business Analyst Intern,41759.5
Supply Chain Data Analyst,94700.0
Supply Chain- Demand Planning Analyst II,83494.0
System Analyst,83494.0
System Integration Business Analyst (FULL TIME TELEWORK),83494.0
System Support Analyst,63554.0
Systems Analyst (Remote),75000.0
"Systems Analyst - Software Application Design, Development and Maintenance (Information Systems S...",7116.0
Systems Analyst 2,70.0
Systems Analyst II,41763.25
Systems Analyst IT,85700.0
Systems Operations Analyst,41769.5
Systems Operations Analyst (Business Analyst),83494.0
TDA - Intern - F&N Data and Analysis,1912.5
TDA - Intern - F&N Software Systems,1912.5
THD Sales Manager,83494.0
TPWD - Data Analyst III (Business Intelligence Analyst),45007.5
TWDB - 25-26 - Junior Data Analyst/Power BI Specialist (Data Analyst I-II),5246.0
TWEL Business Operations Analyst,83494.0
Team Leader -- Real Estate Expansion Partner,625000.0
Tech Product Manager BA VP,160000.0
Technical Analyst,83494.0
Technical Business Analyst,91125.0
Technical Business Analyst (Local to AZ),50.0
Technical Business Analyst (Public Trust),130000.0
Technical Business Analyst - Data Solutions Lead,106495.0
Technical Business Analyst Encounter Data,73100.0
Technical Business Analyst II,44.0
Technical Business Analyst – Wealth,83494.0
Technical Implementation Analyst,98300.0
Technical Implementation Engineer,125000.0
Technical Product Manager - AWS,119300.0
Technical Product Owner (Remote),92500.0
Technical Project Manager,47969.0
"Technical Revenue Operations, Business Systems Analyst",120050.0
Technical Specialist IV,80187.0
Technical Support Analyst III,83494.0
Technical Validation Analyst,98300.0
Technical Writer / Business Analyst,87138.5
Technical data analyst,83494.0
Technology Business Analyst,81861.5
Telecom Business Analyst or Infrastructure Business Analyst,57.5
Telecom Circuit Analyst (SME 4),83494.0
Temp Analyst RO Business Operations (Hybrid),95369.5
Temp IT Support Analyst - Panavision Woodland Hills,83494.0
Territory Manager Sales Intern,21.0
Territory Sales Manager,130000.0
Test Specialist,83494.0
Tester / Business Analyst – CMDB Use Case Implementation,106050.0
Tier 1 Support Analyst,24.5
"TikTok Shop - Business Analyst - Fulfillment Experience, GNE",148622.0
Title - SAP Business Systems Analyst,71.0
Trade Compliance Operations Analyst,68718.5
Training Officer (Administrative Officer),5773.5
"Training Specialist/Project Analyst, Junior (Navy/DoD)",27.5
Transportation Analyst,78000.0
Transportation Analyst (Logistics),83494.0
Traveling Operations Manager,83494.0
Treasury Analyst,83494.0
Treasury Analyst with cash flow and Power BI experience.,34.5
"Treasury Analyst, Cash Operations and Merchant Services",90000.0
Treasury Management Sales Analyst Manager,83494.0
Treasury Mgmt Bus Admin Spec,63252.0
Treasury Operations Analyst,49331.75
Treasury Sales Analyst,76705.75
Treasury System Analyst,47.5
Tri-Alliance Information Technology Analyst,92500.0
UEMR Configuration Analyst,83494.0
US - Store Team Leader,23.0
US Experienced Financial Advisor,83494.0
UW Specialist,83494.0
Underwriting Support Associate (hybrid),16.0
User Success Analyst,83494.0
Utilities Business Analyst I,30.5
Utility AMI Analyst with SQL,83494.0
V.I.E. Electronic Trading Development Analyst,83494.0
VIE-Business Analyst,78159.75
VP - Lending Operations Automation Lead Analyst,142300.0
VP Operations - Site,143652.5
"VP, Business Analytics Ld Analyst - Systemic Tester",142300.0
Validation Analyst,92000.0
Venture Banking Credit Analyst (Summer 2025 Start),80000.0
"Vertical Manager, Software & SaaS",83494.0
Vice President of Program Strategy & Delivery,209340.5
"Vice President, Business Analysis Manager, Chase Travel",148000.0
Vice President; Quantitative Finance Analyst,137500.0
WPB Sales Quality Analyst,108400.0
Wealth Management Consultant,83494.0
Wealth Management Technology Business Analyst,102459.5
Wholesale Credit Reporting Analyst,83494.0
Workday Business Applications Senior Architect,130620.5
Workday HCM Business Analyst,91624.5
Workday Senior Business Systems Analyst,66.5
Workforce Management Analyst,28.0
Workforce Operations Analyst - A,83446.5
Worldwide Business Operations Support Analyst,106271.0
YIELDS SPECIALIST,83494.0
Yield Management Analyst,84850.0
ZeroEyes Operations Center (ZOC) Analyst,83494.0
[Hybrid] Business Professional - Marketing Analyst/Coordinator 4 (13538-5),115554.75
[Hybrid] Marketing Analyst/Coordinator 3 (13594-8),37.0
"business systems analyst, Integrated Logistics Accounting (US Remote)",41768.0
